rank,uri,artist_names,track_name,source,peak_rank,previous_rank,weeks_on_chart,streams
1,"spotify:track:2gzhQaCTeNgxpeB2TPllyY","Jimin, HA SUNG WOON","With you","Genie Music Corporation, Stone Music Entertainment",1,1,2,"528364"
2,"spotify:track:5oH4DQAuu1J1800RzUsBWa","PSY, SUGA","That That (prod. & feat. SUGA of BTS)","P NATION",2,-1,1,"525452"
3,"spotify:track:70DE8f3cq3auql4JMrF0Qg","Lipta, GUYGEEGEE","ทักครับ","Lipta",3,39,10,"501548"
4,"spotify:track:3crZQarcOagdupRZNzRGWe","Tilly Birds","ถ้าเราเจอกันอีก (Until Then)","GMM Grammy PCL.",1,2,23,"400508"
5,"spotify:track:2m6Ko3CY1qXNNja8AlugNc","Troye Sivan","Angel Baby","EMI Recorded Music Australia Pty Ltd",3,3,34,"380781"
6,"spotify:track:2MnVrkbwL6ViB7q4NI7oVK","ZENTYARB, PUNYARB, Lazyloxy","ฉบับปรับปรุง","Digital LUV",2,4,18,"331400"
7,"spotify:track:2bGK8OZkr2IH4XHFMWS3CZ","Stamp, Violette Wautier","ถ้าเธอ feat. Violette Wautier","123Records",1,6,15,"293035"
8,"spotify:track:3imt8APLtyXVGsLZM362nA","Paper Planes, Moon","เสแสร้ง (Pretend)","GMM Grammy PCL.",4,7,8,"282701"
9,"spotify:track:6MjLHdROTcaU22k7B6gxR6","NONT TANONT","พิง - เพลงประกอบละคร กระเช้าสีดา","GMM Grammy PCL.",2,8,31,"280233"
10,"spotify:track:4LRPiXqCikLlN15c3yImP7","Harry Styles","As It Was","Columbia",10,10,5,"279234"
11,"spotify:track:0dcnrLo8s1rhjm8euGjI4n","TREASURE","DARARI","YG Entertainment",1,5,12,"277669"
12,"spotify:track:3BV2YcwoVRxK4dXxyaHpZU","Patrickananda","Lavender","WM/Thailand",1,9,26,"268309"
13,"spotify:track:3Js0tYhiLhVXHskoOF0jLh","BOWKYLION","บานปลาย (best wishes)","What The Duck",4,13,24,"264277"
14,"spotify:track:1rNYuv63emsYt4Jjv8RlgJ","Mirrr","เจ้าของที่ (My Favorite)","What The Duck",10,11,8,"262063"
15,"spotify:track:315ar0QJiyciYkdVJUGA3w","NO ONE ELSE","ต่อจากนี้เพลงรักทุกเพลงจะเป็นของเธอเท่านั้น","Spicy Disc",1,12,28,"250317"
16,"spotify:track:63VOJDNJ3a5dve74kzWVcF","Patrickananda","คนไกล","WM/Thailand",3,15,93,"247549"
17,"spotify:track:1CfKHIQhgKrUMAkj4VwI4J","MILLI, mints","17 นาที","Yupp",4,14,11,"243120"
18,"spotify:track:2qKXdSbREFW4Py3i7leW0r","Tattoo Colour, D Gerrard","SuperCarCare","Smallroom",5,19,10,"232727"
19,"spotify:track:1ecud9LC1clhcuhjLIyyMB","Blackbeans","Wish","Blackbeans",8,20,78,"232617"
20,"spotify:track:6SaADaULbCkQ2NZPYD9vaF","Only Monday","ได้แต่นึกถึง","GMM Grammy PCL.",15,16,26,"231100"
21,"spotify:track:7MxhdBolnOFvWu4WMURsX5","BOWKYLION","ทราบแล้วเปลี่ยน - attention please","What The Duck",7,22,7,"230025"
22,"spotify:track:1pFNuRW1pWWrDvw3d6HFfR","Praesun","ใจหายอ่ะ สงสัยอยู่ที่เธอ - AirTag","kiddo records",20,24,6,"229586"
23,"spotify:track:5PjdY0CKGZdEuoNab3yDmX","The Kid LAROI, Justin Bieber","STAY (with Justin Bieber)","Columbia",1,26,43,"215211"
24,"spotify:track:0Q5VnK2DYzRyfqQRJuUtvi","IVE","LOVE DIVE","STARSHIP Entertainment",8,21,5,"212305"
25,"spotify:track:3YN1Qgpgt5xVurl2mUFA4y","Tilly Birds, MILLI","เพื่อนเล่น ไม่เล่นเพื่อน (Just Being Friendly)","GMM Grammy PCL.",1,23,54,"211937"
26,"spotify:track:1XVQu6SXMMEJ3nc9BOGhgk","88rising, BIBI, MILLI","The Weekend - MILLI Remix","88rising Music/Warner Records",11,17,15,"211243"
27,"spotify:track:6I3mqTwhRpn34SLVafSH7G","Justin Bieber","Ghost","RBMG/Def Jam",27,52,29,"208862"
28,"spotify:track:2oBMZYteeO8DyXV9gDx6Za","Red Velvet","Feel My Rhythm","SM Entertainment",1,18,7,"205323"
29,"spotify:track:08OtCoRVu0sHp8dmCddtvg","Waii, Koen","หากเธอเคยรักใคร (IF YOU LOVE)","Aoftion Music",19,40,17,"201668"
30,"spotify:track:0QzuaeCEEOV40Pn7IvKEny","dhruv","double take","Little Worry/RCA Records",1,27,51,"195019"
31,"spotify:track:0gEewSHZqPiNQa9DqeeUXj","4EVE","วัดปะหล่ะ? (Test Me)","Thai Broadcasting Co., Ltd.",2,31,58,"195016"
32,"spotify:track:4iJyoBOLtHqaGxP12qzhQI","Justin Bieber, Daniel Caesar, Giveon","Peaches (feat. Daniel Caesar & Giveon)","RBMG/Def Jam",1,50,59,"190296"
33,"spotify:track:1M2XakpRDkxjiuCirVPD8c","THE TOYS","เมะ","What The Duck",1,34,37,"187425"
34,"spotify:track:0AQkjLgo2ATGnv8EO2xKyJ","SLAPKISS","แฟนเก่าคนโปรด","Loveis Entertainment",6,38,39,"187222"
35,"spotify:track:4rDCI4NQEBQrfTFN5epRYU","THE TOYS","อาหมวยหาย (阿妹走 / Chinese Girl)","What The Duck",8,33,14,"185309"
36,"spotify:track:15Xn4r9FY3725iHIfyq5hE","PUNYARB","คำถาม","YARBCREW",5,30,32,"184619"
37,"spotify:track:52h8p62Jx8KzQynM6heq7n","Urworld","Sunkissed","Urworld",1,28,60,"180080"
38,"spotify:track:68HocO7fx9z0MgDU0ZPHro","NIKI","Every Summertime","MARVEL/Hollywood Records, Inc./Interscope Records",8,29,20,"179644"
39,"spotify:track:4aDz9NTsLULSvewSLg8lih","BELL WARISARA","เอาปากกามาวง","Home Run Music",4,35,24,"179064"
40,"spotify:track:2LBqCSwhJGcFQeTHMVGwy3","The Weeknd","Die For You","Universal Republic Records",13,36,40,"177198"
41,"spotify:track:2EPMa8Jm1h5XRH4jwf8yK9","Dept","คงต้องบอกลาแล้ว","Smallroom",30,32,4,"174170"
42,"spotify:track:5l3HFThm3Xlv8c9mmiTUgT","Patrickananda","จันทร์อังคารพุธพฤหัสศุกร์เสาร์อาทิตย์ (Everyday)","WM/Thailand",7,43,46,"172358"
43,"spotify:track:27qlKjzLoCOzltggfY8FPy","URBOYTJ","เป็นได้ทุกอย่าง","UrboyTJ",7,37,19,"170945"
44,"spotify:track:27OEf7iSIOJ14txp16xweP","Dept","ลา ลา ลา","Smallroom",44,54,12,"170744"
45,"spotify:track:03Pc18Z9L1n2LcyBb6SKZ1","BlackHeart, 2TFLOW","ฟีโรโมน","BlackHeart",24,44,16,"167974"
46,"spotify:track:4OHu1M6xtQLkgTSao8nYS3","SAMBLACK","ไม่ยินดี","Warmlight",6,42,42,"162253"
47,"spotify:track:7xNCacksfUkYXsXuSW4vNF","salem ilese, TOMORROW X TOGETHER, Alan Walker","PS5 (with TOMORROW X TOGETHER & Alan Walker)","HomeMade Projects / 10K Projects",11,41,10,"161968"
48,"spotify:track:7bHqlO1utHAs2yknWvVt1C","Safeplanet","นอนไม่หลับ (Melatonin)","Safeplanet",25,25,2,"158800"
49,"spotify:track:7hU3IHwjX150XLoTVmjD0q","LISA","MONEY","YG Entertainment",1,53,34,"158659"
50,"spotify:track:3kVApGWaoR48GzDagnY55b","Three Man Down","ถ้าเธอรักฉันจริง","GMM Grammy PCL.",1,48,73,"147774"
51,"spotify:track:126PlW2V73OM9n1s1zOKW9","Violette Wautier","ตั้งแต่มีเธอฉันมีความสุข (This Time)","Universal Music (Thailand) Ltd.",16,47,37,"147587"
52,"spotify:track:4KRH5emKl7a7Qo1nqmWFKb","PAPER","ท้องฟ้า","We Are Zoom",39,55,24,"141577"
53,"spotify:track:296nXCOv97WJNRWzIBQnoj","LE SSERAFIM","FEARLESS","SOURCE MUSIC",53,-1,1,"140387"
54,"spotify:track:4IaxDf2FixiQXq0mW7key9","Jessi","ZOOM","P NATION",54,59,3,"138097"
55,"spotify:track:3afkJSKX0EAMsJXTZnDXXJ","Troye Sivan","Strawberries & Cigarettes","EMI Recorded Music Australia Pty Ltd",8,60,196,"137972"
56,"spotify:track:0JStm1Ns9Ya2zQhbqMDYEU","Tilly Birds","คิด(แต่ไม่)ถึง (Same Page?)","GMM Grammy PCL.",1,57,114,"134527"
57,"spotify:track:5elW2CKSoqjYoJ32AGDxf1","ENHYPEN","Polaroid Love","BELIFT LAB",5,49,17,"134186"
58,"spotify:track:4fouWK6XVHhzl78KzQ1UjL","GAYLE","abcdefu","Atlantic/Arthouse Records",10,58,24,"126475"
59,"spotify:track:1iK2nyld8wTLJv2dRIowSY","F.HERO, Tilly Birds","จำเก่ง (Slipped Your Mind)","What The Duck",6,68,98,"123457"
60,"spotify:track:0mqvwTYkebOqQs5cxZzRqN","Jaonaay, Juné","แปะหัวใจ (14th Feb)","Jaymidi",2,64,63,"121242"
61,"spotify:track:0IGUXY4JbK18bu9oD4mPIm","(G)I-DLE","TOMBOY","Cube Entertainment",12,45,8,"120572"
62,"spotify:track:0b60FpB5Z8zm829xnET7t3","SERIOUS BACON","ไม่พิเศษ","Boxx Music",19,51,9,"120457"
63,"spotify:track:02MWAaffLxlfxAUY7c5dvx","Glass Animals","Heat Waves","Polydor Records",35,61,34,"120281"
64,"spotify:track:1LDG6oNPVWerLLWp2ia78I","Alyn Wee","หัวใจเจ้าเอย​ (Not Again)","LOVEiS Entertainment",62,71,25,"118734"
65,"spotify:track:6epn3r7S14KUqlReYr77hA","Justin Bieber, Ludacris","Baby","RBMG/Def Jam",65,109,2,"117842"
66,"spotify:track:0B1RbM8oFqL2LTsY3axKpt","Mirrr","ดอกไม้ไฟ - Firework","What The Duck",15,70,61,"117554"
67,"spotify:track:4UbwSZD8MYj18GFk25Eyr3","DOM","แฟนกัน 1 Day (One day with you)","TPOP INCORPORATION Co.,Ltd.",64,65,7,"117508"
68,"spotify:track:7Im4VU4SWczGbNqzEfjlpe","Blue Shade","อยากเจอ - Reason of Loneliness","Tigger Twins",68,96,46,"115173"
69,"spotify:track:2eAvDnpXP5W0cVtiI0PUxV","Ruth B.","Dandelions","Columbia",58,73,16,"111114"
70,"spotify:track:2MJz8BxxMsERULatmBikDH","Pink Sweat$","At My Worst","Atlantic Records",7,74,83,"110900"
71,"spotify:track:1mWdTewIgB3gtBM3TOSFhB","BTS","Butter","BIGHIT MUSIC",1,56,50,"109179"
72,"spotify:track:7J2Kyx0vT5ss4AqMWR1q3c","PiXXiE","เกินต้าน - Too Cute","LIT ENTERTAINMENT",72,86,2,"109072"
73,"spotify:track:3r7Wk2nT2Vwlnb7xDI4pnE","Billkin, PP Krit","รู้งี้เป็นแฟนกันตั้งนานแล้ว (Safe Zone) - From แปลรักฉันด้วยใจเธอ Part 2","Nadao Music",2,75,53,"106985"
74,"spotify:track:4GGNl8jiANylTJj4hfzqP7","URBOYTJ","ช่วยไม่ได้","UrboyTJ",3,82,77,"106516"
75,"spotify:track:2SLwbpExuoBDZBpjfefCtV","The Weeknd","Out of Time","XO / Republic Records",49,69,10,"106117"
76,"spotify:track:6PM9OBzgQbY7wAkPWBTl2V","Whatcharawale","สถานีดวงจันทร์","Tinnamou Music Score Co., Ltd.",67,89,46,"105705"
77,"spotify:track:4oQTocMZdjXkVz6GaPw7Gz","Billkin","โคตรพิเศษ - From แปลรักฉันด้วยใจเธอ","Nadao Music",4,78,76,"105666"
78,"spotify:track:2cgk7fHnqkY7lhDP0F1KZb","Patrickananda","ดวงตา (Eyes)","WM/Thailand",78,-1,1,"105350"
79,"spotify:track:46HNZY1i7O6jwTA7Slo2PI","Coldplay, BTS","My Universe","Parlophone UK",3,67,32,"104352"
80,"spotify:track:29E8BUUDQbc5S7jMPOj9wW","Maiyarap, MILLI","แฟนใหม่หน้าคุ้น","Yupp",1,90,82,"104023"
81,"spotify:track:3AVXwaOGCEL8cmBecfcsFJ","Charlie Puth","Light Switch","Atlantic Records",69,77,15,"102475"
82,"spotify:track:4X6pR4sgSGXG1lSX7nxWEM","SERIOUS BACON","1001 (You're Lovely)","Boxx Music",10,85,62,"101948"
83,"spotify:track:4HBZA5flZLE435QTztThqH","Ariana Grande, Justin Bieber","Stuck with U (with Justin Bieber)","Ariana Grande & Justin Bieber ""Stuck With U""- Charity",5,106,104,"101119"
84,"spotify:track:50kpGaPAhYJ3sGmk6vplg0","Justin Bieber","Love Yourself","RBMG/Def Jam",84,118,18,"99588"
85,"spotify:track:7EtCnq7brD1RU8ldqKWB0I","Ink Waruntorn","กลับก่อนนะ (GOODBYE)","Boxx Music",7,46,14,"99321"
86,"spotify:track:06DPpk0hUJEgpzl5cuWNI6","Polycat","เวลาเธอยิ้ม","Smallroom",35,104,182,"98971"
87,"spotify:track:6HU7h9RYOaPRFeh0R3UeAr","Olivia Rodrigo","deja vu","Olivia Rodrigo PS",11,91,57,"98915"
88,"spotify:track:0Qk8RUwooCGKghG9yClG3O","BOWKYLION, ว่าน วันวาน","ซับ","What The Duck",13,93,61,"98613"
89,"spotify:track:5q3LwAHTqo9d3rET2EA9Nq","88rising, BIBI","The Weekend","88rising Music/Warner Records",7,66,19,"98060"
90,"spotify:track:0y60itmpH0aPKsFiGxmtnh","WILLOW","Wait a Minute!","Roc Nation W Smith P&D",76,79,7,"97838"
91,"spotify:track:3DarAbFujv6eYNliUTyqtz","Doja Cat, SZA","Kiss Me More (feat. SZA)","Kemosabe Records/RCA Records",11,83,56,"96822"
92,"spotify:track:4SqWKzw0CbA05TGszDgMlc","The Walters","I Love You So","Warner Records",31,87,29,"95749"
93,"spotify:track:0ZcyX8hFV1jdJNWOI8mMXF","YEW, LANDOKMAI","Summertime","YEW",93,140,8,"93479"
94,"spotify:track:5TTXEcfsYLh6fTarLaevTi","NIKI","lowkey","88rising Music",88,88,112,"93319"
95,"spotify:track:1yrifw3LDWawZHMsDuPCBh","Newery","หลงรัก","Newery",88,135,20,"92591"
96,"spotify:track:70gE5odAgYvmx0qB1bWDHz","Three Man Down","Friend Zone","GMM Grammy PCL.",16,100,58,"91981"
97,"spotify:track:7uQZVznj0uQOGC9KhV2Mg6","LISA","LALISA","YG Entertainment",1,81,34,"91804"
98,"spotify:track:3vfwUrq22haMmIJyyyI7Hq","YourMOOD","ลาก่อน","WHOOP",98,-1,1,"91380"
99,"spotify:track:7Mcy886fsW8eUQzIwdLnVC","Ink Waruntorn","สายตาหลอกกันไม่ได้ (Eyes don't lie)","Boxx Music",1,101,63,"90626"
100,"spotify:track:4OBZT9EnhYIV17t4pGw7ig","H.E.R., Daniel Caesar","Best Part (feat. Daniel Caesar)","MBK Entertainment/RCA Records",13,113,207,"90608"
101,"spotify:track:21KoXyILr1IdLA0tak64Uw","BELL WARISARA","คนหรือไมโครเวฟ (microwave)","Home Run Music",58,95,10,"90040"
102,"spotify:track:02VBYrHfVwfEWXk5DXyf0T","Bruno Mars, Anderson .Paak, Silk Sonic","Leave The Door Open","Aftermath Entertainment/Atlantic",1,97,61,"89891"
103,"spotify:track:1rDQ4oMwGJI7B4tovsBOxc","Jack Harlow","First Class","Generation Now/Atlantic",98,98,4,"89555"
104,"spotify:track:2KdKh9vHbKW0tZLqtpxxI0","Justin Bieber, Don Toliver","Honest (feat. Don Toliver)","Justin Bieber 2021 PS/ Def Jam",104,-1,1,"88345"
105,"spotify:track:7DQa8uzUPVkktrWOizGJEl","Morvasu, TangBadVoice","Melbourne","What The Duck",1,107,94,"88182"
106,"spotify:track:1UeqAsVFDiRxuzwN7lo4tI","Tattoo Colour","เผลอไป","Smallroom",64,114,19,"86641"
107,"spotify:track:19VIBTwlLTX2SKK6e3erAf","Tattoo Colour","รักแรกพบ","Smallroom",65,123,91,"86495"
108,"spotify:track:0FQuyJ6MTsvGcXQur2EPgk","Three Man Down","เดาไม่เก่ง","GMM Grammy PCL.",13,105,63,"85916"
109,"spotify:track:1m2PksrrMpIev63uPxT1V0","NMIXX","O.O","JYP Entertainment",21,92,10,"85826"
110,"spotify:track:0ug5NqcwcFR2xrfTkc7k8e","Taylor Swift","Style","Big Machine Records, LLC",13,120,31,"85024"
111,"spotify:track:6R9YzJHkfYoN6PianPhTdB","Mirrr","นิโคติน","Macrowave",1,108,118,"84800"
112,"spotify:track:6uu05FXHuqfMNI9Ti6pts2","bamm","ฉันจะฉาปเธอ - Curse","LIT ENTERTAINMENT",74,103,7,"84011"
113,"spotify:track:3GnPsrnfjIsUEAYraDpfIy","SERIOUS BACON","กำลังตัดใจ","Boxx Music",72,72,3,"83850"
114,"spotify:track:1lD1Pjy7rNDOny7nFqmUHJ","Safeplanet","คำตอบ","Safeplanet",16,115,187,"83298"
115,"spotify:track:6IPNp9PfaEqrzotY47TIWy","DJ Snake, Ozuna, Megan Thee Stallion, LISA","SG (with Ozuna, Megan Thee Stallion & LISA of BLACKPINK)","DJ Snake Music Productions Limited",1,102,29,"83228"
116,"spotify:track:49P4H6SJkVu2pkuZnuUDk4","Tattoo Colour","ฟ้า","Smallroom",90,124,90,"83201"
117,"spotify:track:1ZvsNPtC7kz7PHh2XZOTln","Whatcharawale","ทราย","Tinnamou Music Score Co., Ltd.",71,137,39,"82720"
118,"spotify:track:186NCtNk1tUYS7c2DxgJ7O","V","Christmas Tree","MOST CONTENTS",7,84,19,"82717"
119,"spotify:track:70Sn9wy03VYM7iChqD8DXQ","Billkin, PP Krit, 4EVE","แลกเลยปะ (Hoo Whee Hoo)","Nadao Music",63,63,2,"81962"
120,"spotify:track:7n2FZQsaLb7ZRfRPfEeIvr","IVE","ELEVEN","STARSHIP Entertainment",8,112,22,"81939"
121,"spotify:track:5NB83Qpt3RUDuKBuTGQcA3","Tattoo Colour","Cinderella","Smallroom",70,142,9,"81861"
122,"spotify:track:73EWs6K82qa5O6UX0emN7I","Dane Amar, MEYOU","Candy","Dane Amar",114,-1,3,"81116"
123,"spotify:track:45qZ8r4atGNjdFhhBy2Cvw","Stamp, Christopher Chu","Nobody Knows","123Records",6,111,15,"80936"
124,"spotify:track:13OtbwiqeUt7M5VtbSTtvK","Tattoo Colour","โกหก","Smallroom",66,138,30,"80854"
125,"spotify:track:7CAdT0HdiQNlt1C7xk2hep","Jung Kook","Stay Alive (Prod. SUGA of BTS)","BIGHIT MUSIC",4,80,12,"80323"
126,"spotify:track:1nahzW3kfMuwReTka28tH5","Justin Bieber","Hold On","RBMG/Def Jam",25,146,27,"80130"
127,"spotify:track:2TxW5LastxN8LZ5r6711m1","Blackbeans","Dance with Me","Blackbeans",106,141,40,"79849"
128,"spotify:track:09beOtPEjTgYLXNzYFjfLU","Pondering","เพลงนี้ผมเขียนให้เธอ","Pondering",68,110,4,"79775"
129,"spotify:track:4SBJCuIfrgobRpATbG6Dew","Nat Natasit","คนเดียว - Original soundtrack from ""นิ่งเฮียก็หาว่าซื่อ cutie pie series""","Aoftion Music",76,76,2,"78850"
130,"spotify:track:2aTKrdenCq5qBOoJPFdn4P","Jamie Miller","Here's Your Perfect","Atlantic Records",7,126,49,"78496"
131,"spotify:track:7DNNJcCstLheOvqLsiq2Qz","Saran, MaiMhon","ลืมแทบไม่ไหว","SARAN",85,99,6,"78296"
132,"spotify:track:0h5J891lpMTlU4o6oPg3VJ","Kinkaworn, BELL WARISARA","ตกหลุมรักรอบที่ล้าน","MARR",79,117,18,"77753"
133,"spotify:track:4ZtFanR9U6ndgddUvNcjcG","Olivia Rodrigo","good 4 u","Olivia Rodrigo PS",16,129,51,"77662"
134,"spotify:track:2pB3TJsSleiRiL0NP6rtCw","Three Man Down","ฝนตกไหม","GMM Grammy PCL.",1,133,129,"76100"
135,"spotify:track:6Uj1ctrBOjOas8xZXGqKk4","Doja Cat","Woman","Kemosabe Records/RCA Records",73,119,39,"75550"
136,"spotify:track:2WkKXmesZuSuuuy0Dj8xi9","SERIOUS BACON","ไม่อยากฟัง","Boxx Music",5,131,81,"75273"
137,"spotify:track:4umIPjkehX1r7uhmGvXiSV","Justin Bieber, Quavo","Intentions (feat. Quavo)","RBMG/Def Jam",15,165,78,"72781"
138,"spotify:track:2bnJ8IxZnVc2YmUaX0sZap","TREASURE","JIKJIN","YG Entertainment",12,125,12,"72702"
139,"spotify:track:1dmi9lVthTKjuemmO8ucWm","TAEYONG, Wonstein","Love Theory","SM Entertainment",118,121,3,"72530"
140,"spotify:track:3v5g7khNHS9726iyuI1iUs","PURPEECH","หากจะเพียงขอ(Sincare)","PURPEECH",140,160,31,"72212"
141,"spotify:track:5wANPM4fQCJwkGd4rN57mH","Olivia Rodrigo","drivers license","Olivia Rodrigo PS",11,134,69,"72013"
142,"spotify:track:5fCFj6M5BQQJ8t2EiExd3Z","Ink Waruntorn","INK","Boxx Music",142,-1,1,"71522"
143,"spotify:track:20r8bPumn1cybDcUEh2NPZ","Anatomy Rabbit","ขอให้โลกนี้ใจดีกับเธอ","Anatomy Rabbit",3,122,45,"71211"
144,"spotify:track:6Im9k8u9iIzKMrmV7BWtlF","Ariana Grande","34+35","Republic Records",8,147,79,"70934"
145,"spotify:track:4fAI0wdVepOCi4xRwj40z9","YEW","จะมอบความรัก","YEW",144,159,25,"70581"
146,"spotify:track:1u8c2t2Cy7UBoG4ArRcF5g","Taylor Swift","Blank Space","Big Machine Records, LLC",58,171,32,"70370"
147,"spotify:track:1HhNoOuqm1a5MXYEgAFl8o","Imagine Dragons, JID, Arcane, League of Legends","Enemy (with JID) - from the series Arcane League of Legends","KIDinaKORNER/Interscope Records",26,127,26,"70125"
148,"spotify:track:1jIMjbzcGCcCQn5iMu9CUc","Charlie Puth","That's Hilarious","Atlantic Records",148,195,4,"69893"
149,"spotify:track:5quFr5s5PXYfUX5jV2EBZ1","Jay Park, IU","GANADARA (Feat. IU)","MORE VISION",16,132,8,"69720"
150,"spotify:track:5Z9KJZvQzH6PFmb8SNkxuk","Lil Nas X, Jack Harlow","INDUSTRY BABY (feat. Jack Harlow)","Columbia",29,139,41,"69486"
151,"spotify:track:5rnqEo666hoD4r0CajmrJm","BamBam, Mayzin","Wheels Up (feat. Mayzin)","Golden State Entertainment and NSMG",62,62,2,"69467"
152,"spotify:track:5CZ40GBx1sQ9agT82CLQCT","Olivia Rodrigo","traitor","Olivia Rodrigo PS",89,148,42,"69113"
153,"spotify:track:7vUrVGEoDUfxHZFK4lDTKR","NONT TANONT","วันครบเลิก - UNNIVERSARY","LOVEiS Entertainment",21,143,23,"68164"
154,"spotify:track:3XYRV7ZSHqIRDG87DKTtry","BTS","Permission to Dance","BIGHIT MUSIC",1,136,43,"67844"
155,"spotify:track:5SuOikwiRyPMVoIQDJUgSV","Gen Hoshino","Comedy","Speedstar",154,154,4,"67769"
156,"spotify:track:2dHoVW9AxJVSRebPRyV2aA","ROSÉ","Gone","YG Entertainment",3,149,60,"67623"
157,"spotify:track:00Blm7zeNqgYLPtW6zg8cj","Post Malone, The Weeknd","One Right Now (with The Weeknd)","Republic Records",16,152,26,"67562"
158,"spotify:track:5xrO8vzqljv6Fg57eSPBEq","Bean Napason","เธอรักเขาตอนเรารักกัน","Boxx Music",67,145,5,"67412"
159,"spotify:track:0ClPIeT6MSgfSgQ9ZrJbAq","Charlie Puth","Cheating on You","Artist Partner",112,178,47,"66566"
160,"spotify:track:1r8ZCjfrQxoy2wVaBUbpwg","The Kid LAROI","Thousand Miles","Columbia",153,153,2,"66530"
161,"spotify:track:3IgTrdtmSqAWsFmXTEftOv","Numcha","Keep Cold","Numcha",54,163,99,"66529"
162,"spotify:track:0AGhwXsWpVOwjHY5yf4dtD","F.HERO, Txrbo","จำเลยรัก - Defendant Of Love","What The Duck",2,144,76,"66435"
163,"spotify:track:25kxJg4ykcvM1wphY0yIwt","Dane Amar, Jereena Montemayor","Green Tea & Honey","Dane Amar",50,-1,95,"66300"
164,"spotify:track:0iWFz0Q5Qha9bx325ocFWq","88rising, BIBI","Best Lover","88rising Music/Warner Records",116,116,2,"66082"
165,"spotify:track:19CoWVqDyUbiqxoyMf4HkJ","Anatomy Rabbit","Extraordinary","Anatomy Rabbit",1,151,73,"65996"
166,"spotify:track:35mvY5S1H3J2QZyna3TFe0","Ariana Grande","positions","Republic Records",6,161,80,"65991"
167,"spotify:track:2RzvMRIJoCpxSN9hAjfJlF","Zom Marie, The Parkinson","หากว่าเราไม่คิดถึงกัน","Spicy Disc",167,-1,1,"65904"
168,"spotify:track:50nfwKoDiSYg8zOCREWAm5","Ed Sheeran","Shivers","Atlantic Records UK",65,155,34,"65403"
169,"spotify:track:3TsACxoZNHQEWHx8iwfJMf","BELL WARISARA","แค่ใกล้ก็พอ (Distancing)","Home Run Music",169,-1,1,"64880"
170,"spotify:track:0k4d5YPDr1r7FX77VdqWez","Doja Cat, The Weeknd","You Right","Kemosabe Records/RCA Records",54,157,35,"64771"
171,"spotify:track:29Fh92NfO9dq9T05FMgyAi","Lazyloxy","Morning","Yupp",153,185,16,"64505"
172,"spotify:track:2NgwO1jlYB86n3HSpMhl34","Mild","หวานเย็น","Nano Records",95,189,38,"64158"
173,"spotify:track:6oBGKAEqVgvljmFMwMUAXX","Txrbo, แพรวา","น้ำลาย","High Cloud Entertainment",15,190,60,"64052"
174,"spotify:track:3TSLqZssCoCdDlMhCJ08XW","BIGBANG","Still Life","YG Entertainment",18,94,5,"63964"
175,"spotify:track:5TxtM4vmk6pXpgq8lJtvB0","TOMORROW X TOGETHER","20cm","Republic Records - TXT",100,130,5,"63435"
176,"spotify:track:4xqrdfXkTW4T0RauPLv3WA","Conan Gray","Heather","Republic Records",52,164,87,"63429"
177,"spotify:track:4j5ffIFh7bFT7GZciP1TCy","Dan + Shay, Justin Bieber","10,000 Hours (with Justin Bieber)","Warner Music Nashville",11,200,117,"63357"
178,"spotify:track:13y3BLdlSdVH7wJwavs06O","Safeplanet","กอดความเจ็บช้ำ","Safeplanet",19,167,172,"62853"
179,"spotify:track:5SlU0Yhi51jobhEiGE4xDv","keshi","2 soon","keshi",97,194,98,"62779"
180,"spotify:track:0ntdviIRIuOlRFnEZLWqNR","Violette Wautier","จังหวะจะรัก","Universal Music (Thailand) Ltd.",11,169,81,"62567"
181,"spotify:track:4a9tbd947vo9K8Vti9JwcI","BTS, Halsey","Boy With Luv (feat. Halsey)","BIGHIT MUSIC",1,128,146,"62373"
182,"spotify:track:4DqaFHKqAsnBn9DfLWhRpW","Three Man Down","คุยคนเดียวเก่ง","GMM Grammy PCL.",50,158,49,"62334"
183,"spotify:track:1XGmzt0PVuFgQYYnV2It7A","Maroon 5, Wiz Khalifa","Payphone","Interscope Records*",178,191,3,"62215"
184,"spotify:track:3sLTOt7ZMwEWEB7YdLaeZS","URBOYTJ","ถามคำ","UrboyTJ",48,188,76,"62100"
185,"spotify:track:3zc9UfgETcTMGiazW58Klg","Gene Kasidit","ร W8","Smallroom",62,-1,102,"62073"
186,"spotify:track:1oFAF1hdPOickyHgbuRjyX","The Weeknd, Ariana Grande","Save Your Tears (Remix) (with Ariana Grande) - Bonus Track","XO / Republic Records",23,184,48,"61980"
187,"spotify:track:6eNis1lYnjtMVoSG7h1dIm","BEARHOUSE, Whatcharawale","ความสุข","Beminor",155,-1,18,"61561"
188,"spotify:track:4KL3FJYexPrPuMdPagHPXp","Raiden, CHANYEOL, LeeHi, CHANGMO","Yours","SM Entertainment",86,175,18,"61495"
189,"spotify:track:3dbLT62Cvs46Ju7a8gpr36","aespa","Savage","SM Entertainment",4,166,31,"61386"
190,"spotify:track:6yrxuUnWFv72Veb9jphPLL","WANYAi","เงา","HOLYFOX CO., LTD.",124,168,72,"61373"
191,"spotify:track:3FAJ6O0NOHQV8Mc5Ri6ENp","Giveon","Heartbreak Anniversary","Epic/Not So Fast",6,198,59,"61364"
192,"spotify:track:2P91MQbaiQOfbiz9VqhqKQ","Lauv","I Like Me Better","Lauv",26,197,245,"61356"
193,"spotify:track:2DB4DdfCFMw1iaR6JaR03a","Camila Cabello, Ed Sheeran","Bam Bam (feat. Ed Sheeran)","Epic",87,174,9,"61178"
194,"spotify:track:6LXKd4e0i2EPLh86GWvWOE","พัด Vorapat, First Anuwat","ตั้งใจรัก (happy accident)","Marr",169,170,4,"60884"
195,"spotify:track:6TBJkXHPhu3EsMk1bshwuI","LeeHi","ONLY","Genie Music Corporation;Stone Music Entertainment",6,173,33,"60463"
196,"spotify:track:3Vi5XqYrmQgOYBajMWSvCi","Doja Cat","Need to Know","Kemosabe Records/RCA Records",44,156,45,"59736"
197,"spotify:track:46IZ0fSY2mpAiktS3KOqds","Adele","Easy On Me","Columbia",3,180,29,"59644"
198,"spotify:track:1dGr1c8CrMLDpV6mPbImSI","Taylor Swift","Lover","Taylor Swift",11,-1,23,"58524"
199,"spotify:track:6rVCUwfnuYTAsX4P9fIdIu","aespa","Dreams Come True","SM Entertainment",17,177,20,"58410"
200,"spotify:track:7mFj0LlWtEJaEigguaWqYh","Megan Thee Stallion, Dua Lipa","Sweetest Pie","300 Entertainment",62,192,8,"58390"
